sequence_nm;id;Geo location;Collection date;Country;Host;class;aa83_1B;aa90_1B;nt86_1B;nt80_1B;Host_species;Host_genus;Host_fam;Host_fam_ru;Host_shorter
PX237222/NA/pigeon-FSU1/pigeon/2025;PX237222;China;04-Jul-2025;;Pigeon;Aves;32.0;27.0;6.0;46.0;Pigeon;Columba;Columbidae;Columbidae (голубиные);Columbidae (голубиные)
PV793827/NA/AstroviridaeCranefe81/Leucogeranus-leucogeranus/2024;PV793827;China;Jan-2024;;Leucogeranus leucogeranus;Aves;4.0;32.0;49.0;4.0;Leucogeranus leucogeranus;Leucogeranus;Gruidae;Gruidae (журавлиные);Gruidae (журавлиные)
PV793829/NA/AstroviridaeGoosefe94/Anser-sp-/2024;PV793829;China;Jan-2024;;Anser sp.;Aves;6.0;34.0;51.0;6.0;Anser sp.;Anser;Anatidae;Anatidae (утиные);Anatidae (утиные)
PV793828/NA/AstroviridaeGoosefe87/Anser-sp-/2024;PV793828;China;Jan-2024;;Anser sp.;Aves;2.0;35.0;53.0;7.0;Anser sp.;Anser;Anatidae;Anatidae (утиные);Anatidae (утиные)
PV793826/NA/AstroviridaeCranefe67/Leucogeranus-leucogeranus/2024;PV793826;China;Jan-2024;;Leucogeranus leucogeranus;Aves;9.0;38.0;55.0;9.0;Leucogeranus leucogeranus;Leucogeranus;Gruidae;Gruidae (журавлиные);Gruidae (журавлиные)
PV780437/NA/JX05/Anser-anser/2025;PV780437;China;28-Apr-2025;;Anser anser;Aves;38.0;53.0;47.0;2.0;Anser anser;Anser;Anatidae;Anatidae (утиные);Anatidae (утиные)
PV780436/NA/JX04/Anser-anser/2023;PV780436;China;27-Jan-2023;;Anser anser;Aves;38.0;53.0;47.0;2.0;Anser anser;Anser;Anatidae;Anatidae (утиные);Anatidae (утиные)
PV780435/NA/JX03/Anser-anser/2023;PV780435;China;27-Jan-2023;;Anser anser;Aves;38.0;53.0;47.0;2.0;Anser anser;Anser;Anatidae;Anatidae (утиные);Anatidae (утиные)
PV780434/NA/JX02/Anser-anser/2023;PV780434;China;27-Jan-2023;;Anser anser;Aves;38.0;53.0;47.0;2.0;Anser anser;Anser;Anatidae;Anatidae (утиные);Anatidae (утиные)
PP871812/NA/astro-vt-94/Canis-lupus-familiaris/2014;PP871812;Viet Nam;21-Dec-2014/02-Apr-2016;;Canis lupus familiaris;Mammalia;1.0;30.0;50.0;5.0;Canis lupus familiaris;Canis;Canidae;Canidae (псовые);Mammalia (Млекопитающие)
PP871808/NA/astro-vt-90/Gallus-gallus/2015;PP871808;Viet Nam;16-Jun-2015/02-Apr-2016;;Gallus gallus;Aves;32.0;7.0;33.0;47.0;Gallus gallus;Gallus;Phasianidae;Phasianidae (фазановые);Phasianidae (фазановые)
PP871804/NA/astro-vt-86/Canis-lupus-familiaris/2014;PP871804;Viet Nam;29-May-2014/16-Mar-2015;;Canis lupus familiaris;Mammalia;1.0;30.0;50.0;5.0;Canis lupus familiaris;Canis;Canidae;Canidae (псовые);Mammalia (Млекопитающие)
PP871798/NA/astro-vt-80/Sus-scrofa-(wild-boar)/2015;PP871798;Viet Nam;09-Apr-2015/14-Apr-2015;;Sus scrofa (wild boar);Mammalia;32.0;48.0;52.0;47.0;Sus scrofa (wild boar);Sus;Suidae;Suidae (свиные);Mammalia (Млекопитающие)
PP871786/NA/astro-vt-68/Gallus-gallus/2014;PP871786;Viet Nam;08-Jul-2014/11-Oct-2016;;Gallus gallus;Aves;32.0;48.0;52.0;47.0;Gallus gallus;Gallus;Phasianidae;Phasianidae (фазановые);Phasianidae (фазановые)
PV600843/NA/HNJZ-2023/goose/2023;PV600843;China: Henan;2023;;Goose;Aves;38.0;53.0;47.0;2.0;Goose;Anser;Anatidae;Anatidae (утиные);Anatidae (утиные)
PV524668/NA/JXNC1/goose/2025;PV524668;China: Jiangxi;15-Mar-2025;;Goose;Aves;38.0;53.0;47.0;2.0;Goose;Anser;Anatidae;Anatidae (утиные);Anatidae (утиные)
PV169360/NA/NA/duck/2024;PV169360;China;2024;;Duck;Aves;3.0;31.0;48.0;3.0;Duck;Anas;Anatidae;Anatidae (утиные);Anatidae (утиные)
OR134528/NA/NA/Muscovy-duck/2022;OR134528;China;26-Oct-2022;;Muscovy duck;Aves;3.0;31.0;48.0;3.0;Muscovy duck;Cairina;Anatidae;Anatidae (утиные);Anatidae (утиные)
OR134527/NA/NA/Muscovy-duck/2022;OR134527;China;22-Oct-2022;;Muscovy duck;Aves;3.0;31.0;48.0;3.0;Muscovy duck;Cairina;Anatidae;Anatidae (утиные);Anatidae (утиные)
OR134526/NA/NA/Muscovy-duck/2022;OR134526;China;10-Nov-2022;;Muscovy duck;Aves;3.0;31.0;48.0;3.0;Muscovy duck;Cairina;Anatidae;Anatidae (утиные);Anatidae (утиные)
OR134525/NA/NA/Muscovy-duck/2022;OR134525;China;16-Sep-2022;;Muscovy duck;Aves;3.0;31.0;48.0;3.0;Muscovy duck;Cairina;Anatidae;Anatidae (утиные);Anatidae (утиные)
OR134524/NA/NA/Muscovy-duck/2022;OR134524;China;27-Nov-2022;;Muscovy duck;Aves;3.0;31.0;48.0;3.0;Muscovy duck;Cairina;Anatidae;Anatidae (утиные);Anatidae (утиные)
OR134523/NA/NA/Muscovy-duck/2022;OR134523;China;12-Dec-2022;;Muscovy duck;Aves;3.0;31.0;48.0;3.0;Muscovy duck;Cairina;Anatidae;Anatidae (утиные);Anatidae (утиные)
OR134522/NA/NA/Muscovy-duck/2022;OR134522;China;29-Oct-2022;;Muscovy duck;Aves;3.0;31.0;48.0;3.0;Muscovy duck;Cairina;Anatidae;Anatidae (утиные);Anatidae (утиные)
OR134521/NA/NA/Muscovy-duck/2022;OR134521;China;22-Oct-2022;;Muscovy duck;Aves;3.0;31.0;48.0;3.0;Muscovy duck;Cairina;Anatidae;Anatidae (утиные);Anatidae (утиные)
OR134520/NA/NA/Muscovy-duck/2022;OR134520;China;15-Oct-2022;;Muscovy duck;Aves;3.0;31.0;48.0;3.0;Muscovy duck;Cairina;Anatidae;Anatidae (утиные);Anatidae (утиные)
OR134519/NA/NA/Muscovy-duck/2022;OR134519;China;12-Oct-2022;;Muscovy duck;Aves;3.0;31.0;48.0;3.0;Muscovy duck;Cairina;Anatidae;Anatidae (утиные);Anatidae (утиные)
OR134518/NA/NA/Muscovy-duck/2022;OR134518;China;15-Aug-2022;;Muscovy duck;Aves;3.0;31.0;48.0;3.0;Muscovy duck;Cairina;Anatidae;Anatidae (утиные);Anatidae (утиные)
PV093029/NA/NA/Neogale-vison/2023;PV093029;China;01-Jan-2023;;Neogale vison;Mammalia;1.0;28.0;46.0;1.0;Neogale vison;Neogale;Mustelidae;Mustelidae (куньи);Mammalia (Млекопитающие)
PV093028/NA/NA/Neogale-vison/2023;PV093028;China;01-Jan-2023;;Neogale vison;Mammalia;1.0;28.0;46.0;1.0;Neogale vison;Neogale;Mustelidae;Mustelidae (куньи);Mammalia (Млекопитающие)
PV093027/NA/NA/Neogale-vison/2023;PV093027;China;01-Jan-2023;;Neogale vison;Mammalia;1.0;28.0;46.0;1.0;Neogale vison;Neogale;Mustelidae;Mustelidae (куньи);Mammalia (Млекопитающие)
PV093026/NA/NA/Neogale-vison/2023;PV093026;China;01-Jan-2023;;Neogale vison;Mammalia;1.0;28.0;46.0;1.0;Neogale vison;Neogale;Mustelidae;Mustelidae (куньи);Mammalia (Млекопитающие)
PV093025/NA/NA/Neogale-vison/2023;PV093025;China;01-Jan-2023;;Neogale vison;Mammalia;1.0;28.0;46.0;1.0;Neogale vison;Neogale;Mustelidae;Mustelidae (куньи);Mammalia (Млекопитающие)
PV093023/NA/NA/Neogale-vison/2023;PV093023;China;01-Jan-2023;;Neogale vison;Mammalia;32.0;48.0;52.0;47.0;Neogale vison;Neogale;Mustelidae;Mustelidae (куньи);Mammalia (Млекопитающие)
PV093022/NA/NA/Neogale-vison/2023;PV093022;China;01-Jan-2023;;Neogale vison;Mammalia;32.0;48.0;52.0;47.0;Neogale vison;Neogale;Mustelidae;Mustelidae (куньи);Mammalia (Млекопитающие)
PV093021/NA/NA/Neogale-vison/2023;PV093021;China;01-Jan-2023;;Neogale vison;Mammalia;7.0;36.0;54.0;8.0;Neogale vison;Neogale;Mustelidae;Mustelidae (куньи);Mammalia (Млекопитающие)
PV093020/NA/NA/Neogale-vison/2023;PV093020;China;01-Jan-2023;;Neogale vison;Mammalia;7.0;36.0;54.0;8.0;Neogale vison;Neogale;Mustelidae;Mustelidae (куньи);Mammalia (Млекопитающие)
PV093019/NA/NA/Neogale-vison/2023;PV093019;China;01-Jan-2023;;Neogale vison;Mammalia;7.0;36.0;54.0;8.0;Neogale vison;Neogale;Mustelidae;Mustelidae (куньи);Mammalia (Млекопитающие)
PV093018/NA/NA/Neogale-vison/2023;PV093018;China;01-Jan-2023;;Neogale vison;Mammalia;7.0;36.0;54.0;8.0;Neogale vison;Neogale;Mustelidae;Mustelidae (куньи);Mammalia (Млекопитающие)
PQ740944/NA/CH-HBXT-2022/goose/2022;PQ740944;China;2022;;Goose;Aves;38.0;53.0;47.0;2.0;Goose;Anser;Anatidae;Anatidae (утиные);Anatidae (утиные)
PP786658/NA/JY202323/goose/2023;PP786658;China;03-Feb-2023;;Goose;Aves;33.0;60.0;15.0;58.0;Goose;Anser;Anatidae;Anatidae (утиные);Anatidae (утиные)
PQ893528/NA/NSW-2021/Eolophus-roseicapilla/2021;PQ893528;Australia;Jan-2021;;Eolophus roseicapilla;Aves;18.0;5.0;30.0;31.0;Eolophus roseicapilla;Eolophus;Cacatuidae;Cacatuidae (какаду);Cacatuidae (какаду)
PQ893527/NA/QLD-2021/Alisterus-scapularis/2021;PQ893527;Australia;Jan-2021;;Alisterus scapularis;Aves;20.0;8.0;34.0;33.0;Alisterus scapularis;Alisterus;Psittacidae;Psittacidae (попугаевые);Psittacidae (попугаевые)
PQ552759/NA/NA/duck/2024;PQ552759;China;2024;;Duck;Aves;38.0;53.0;47.0;2.0;Duck;Anas;Anatidae;Anatidae (утиные);Anatidae (утиные)
PQ435198/NA/NA/goose/2023;PQ435198;China;2023;;Goose;Aves;38.0;53.0;47.0;2.0;Goose;Anser;Anatidae;Anatidae (утиные);Anatidae (утиные)
PQ308726/NA/GAstV-GDFS-Goose-2024/goose/2024;PQ308726;China;2024;;Goose;Aves;38.0;53.0;47.0;2.0;Goose;Anser;Anatidae;Anatidae (утиные);Anatidae (утиные)
PP382210/NA/J2-2021/Jiangnan-White-Goose/2021;PP382210;China;14-Oct-2021;;Jiangnan White Goose;Aves;38.0;53.0;47.0;2.0;Jiangnan White Goose;Anser;Anatidae;Anatidae (утиные);Anatidae (утиные)
PP382209/NA/J3-2021/Jiangnan-White-Goose/2021;PP382209;China;14-Oct-2021;;Jiangnan White Goose;Aves;33.0;60.0;15.0;58.0;Jiangnan White Goose;Anser;Anatidae;Anatidae (утиные);Anatidae (утиные)
PP623814/NA/MP22-196/Mareca-falcata/2022;PP623814;China: Hong Kong;09-Nov-2022;;Mareca falcata;Aves;31.0;46.0;1.0;43.0;Mareca falcata;Mareca;Anatidae;Anatidae (утиные);Anatidae (утиные)
OR827024/NA/GAstV-JSXZ/goose/2022;OR827024;China;06-Sep-2022;;Goose;Aves;33.0;60.0;15.0;58.0;Goose;Anser;Anatidae;Anatidae (утиные);Anatidae (утиные)
PP478076/NA/PL-pigeon-24-2023/carrier-pigeon/2023;PP478076;Poland;Apr-2023;;Pigeon;Aves;32.0;27.0;6.0;46.0;Pigeon;Columba;Columbidae;Columbidae (голубиные);Columbidae (голубиные)
PP478075/NA/PL-pigeon-4a-2023/carrier-pigeon/2023;PP478075;Poland;May-2023;;Pigeon;Aves;32.0;27.0;6.0;46.0;Pigeon;Columba;Columbidae;Columbidae (голубиные);Columbidae (голубиные)
MW588064/NA/NA/NA/NA;MW588064;United Kingdom;;;Cygnus olor;;11.0;40.0;58.0;12.0;Cygnus olor;Cygnus;Anatidae;Anatidae (утиные);Anatidae (утиные)
MW588063/NA/NA/NA/NA;MW588063;United Kingdom;;;Cygnus olor;;14.0;44.0;62.0;16.0;Cygnus olor;Cygnus;Anatidae;Anatidae (утиные);Anatidae (утиные)
MW588062/NA/NA/NA/NA;MW588062;United Kingdom;;;Cygnus olor;;14.0;44.0;62.0;16.0;Cygnus olor;Cygnus;Anatidae;Anatidae (утиные);Anatidae (утиные)
PP966939/NA/GZ2301/goose/2023;PP966939;China;2023;;Goose;Aves;38.0;53.0;47.0;2.0;Goose;Anser;Anatidae;Anatidae (утиные);Anatidae (утиные)
PP711188/NA/Hplan-A-304122/Heteronotia-planiceps/2017;PP711188;Australia: Kimberley region Western Australia;2017;;Heteronotia planiceps;Lepidosauria;41.0;56.0;11.0;54.0;Heteronotia planiceps;Heteronotia;Gekkonidae;Gekkonidae (гекконовые);Reptilia (Пресмыкающиеся)
PP763758/NA/AAstV-Goose-CHN-2023-C102/goose/2023;PP763758;China: Sichuan province;Jun-2023;;Goose;Aves;33.0;60.0;15.0;58.0;Goose;Anser;Anatidae;Anatidae (утиные);Anatidae (утиные)
PP444710/NA/GAstV-GDCS-Goose-2023/goose/2023;PP444710;China;2023;;Goose;Aves;38.0;53.0;47.0;2.0;Goose;Anser;Anatidae;Anatidae (утиные);Anatidae (утиные)
PP444709/NA/GAstV-GXNN-Goose-2023/goose/2023;PP444709;China;2023;;Goose;Aves;38.0;53.0;47.0;2.0;Goose;Anser;Anatidae;Anatidae (утиные);Anatidae (утиные)
PP352010/NA/Hunan-CHN-2022/Pelophylax-nigromaculatus/2022;PP352010;China: Hunan;2022;;Pelophylax nigromaculatus;Amphibia;46.0;20.0;18.0;19.0;Pelophylax nigromaculatus;Pelophylax;Ranidae;Ranidae (лягушковые);Amphibia (Амфибии)
PP108251/NA/NA/goose/2023;PP108251;China: Sichuan province;15-Aug-2023;;Goose;Aves;33.0;60.0;15.0;58.0;Goose;Anser;Anatidae;Anatidae (утиные);Anatidae (утиные)
OR965521/NA/AAstV-Goose-CHN-2023-MG-23/goose/2023;OR965521;China;Jul-2023;;Goose;Aves;38.0;53.0;47.0;2.0;Goose;Anser;Anatidae;Anatidae (утиные);Anatidae (утиные)
OR958817/NA/AAstV-Goose-CHN-2023-HR2306-1/goose/2023;OR958817;China;Jun-2023;;Goose;Aves;38.0;53.0;47.0;2.0;Goose;Anser;Anatidae;Anatidae (утиные);Anatidae (утиные)
OR906208/NA/HNxy2111/goose/2021;OR906208;China;2021;;Goose;Aves;38.0;53.0;47.0;2.0;Goose;Anser;Anatidae;Anatidae (утиные);Anatidae (утиные)
OR906207/NA/HNxy2106/goose/2021;OR906207;China;2021;;Goose;Aves;38.0;53.0;47.0;2.0;Goose;Anser;Anatidae;Anatidae (утиные);Anatidae (утиные)
OR924093/NA/NA/Goose/2021;OR924093;China;10-May-2021;;Goose;Aves;33.0;60.0;15.0;58.0;Goose;Anser;Anatidae;Anatidae (утиные);Anatidae (утиные)
OR924092/NA/NA/Duck/2021;OR924092;China;02-Nov-2021;;Duck;Aves;2.0;29.0;25.0;26.0;Duck;Anas;Anatidae;Anatidae (утиные);Anatidae (утиные)
OR924091/NA/NA/Goose/2021;OR924091;China;24-Mar-2021;;Goose;Aves;2.0;29.0;25.0;26.0;Goose;Anser;Anatidae;Anatidae (утиные);Anatidae (утиные)
OR924090/NA/NA/Goose/2021;OR924090;China;09-Nov-2021;;Goose;Aves;2.0;29.0;25.0;26.0;Goose;Anser;Anatidae;Anatidae (утиные);Anatidae (утиные)
OR924089/NA/NA/Duck/2021;OR924089;China;23-Mar-2021;;Duck;Aves;8.0;37.0;56.0;10.0;Duck;Anas;Anatidae;Anatidae (утиные);Anatidae (утиные)
OR924088/NA/NA/Duck/2021;OR924088;China;23-Mar-2021;;Duck;Aves;8.0;37.0;56.0;10.0;Duck;Anas;Anatidae;Anatidae (утиные);Anatidae (утиные)
OR924087/NA/NA/Duck/2021;OR924087;China;23-Mar-2021;;Duck;Aves;8.0;37.0;56.0;10.0;Duck;Anas;Anatidae;Anatidae (утиные);Anatidae (утиные)
OR924086/NA/NA/Duck/2021;OR924086;China;23-Mar-2021;;Duck;Aves;8.0;37.0;56.0;10.0;Duck;Anas;Anatidae;Anatidae (утиные);Anatidae (утиные)
OR907134/NA/NA/Goose/2022;OR907134;China;26-Oct-2022;;Goose;Aves;33.0;60.0;15.0;58.0;Goose;Anser;Anatidae;Anatidae (утиные);Anatidae (утиные)
OR907133/NA/NA/Goose/2023;OR907133;China;21-Mar-2023;;Goose;Aves;33.0;60.0;15.0;58.0;Goose;Anser;Anatidae;Anatidae (утиные);Anatidae (утиные)
OR907132/NA/NA/Goose/2023;OR907132;China;07-Mar-2023;;Goose;Aves;33.0;60.0;15.0;58.0;Goose;Anser;Anatidae;Anatidae (утиные);Anatidae (утиные)
OR907131/NA/NA/Goose/2023;OR907131;China;21-Mar-2023;;Goose;Aves;33.0;60.0;15.0;58.0;Goose;Anser;Anatidae;Anatidae (утиные);Anatidae (утиные)
OR907130/NA/NA/Duck/2022;OR907130;China;22-May-2022;;Duck;Aves;8.0;37.0;56.0;10.0;Duck;Anas;Anatidae;Anatidae (утиные);Anatidae (утиные)
OR907129/NA/NA/Duck/2023;OR907129;China;01-Apr-2023;;Duck;Aves;8.0;37.0;56.0;10.0;Duck;Anas;Anatidae;Anatidae (утиные);Anatidae (утиные)
OR907128/NA/NA/Duck/2023;OR907128;China;04-Apr-2023;;Duck;Aves;8.0;37.0;56.0;10.0;Duck;Anas;Anatidae;Anatidae (утиные);Anatidae (утиные)
OR907127/NA/NA/Goose/2023;OR907127;China;21-Mar-2023;;Goose;Aves;8.0;37.0;56.0;10.0;Goose;Anser;Anatidae;Anatidae (утиные);Anatidae (утиные)
OR907126/NA/NA/Duck/2023;OR907126;China;29-Mar-2023;;Duck;Aves;8.0;37.0;56.0;10.0;Duck;Anas;Anatidae;Anatidae (утиные);Anatidae (утиные)
OR907125/NA/NA/Duck/2023;OR907125;China;10-May-2023;;Duck;Aves;8.0;37.0;56.0;10.0;Duck;Anas;Anatidae;Anatidae (утиные);Anatidae (утиные)
OR902765/NA/NA/goose/2023;OR902765;China;19-Jun-2023;;Goose;Aves;38.0;53.0;47.0;2.0;Goose;Anser;Anatidae;Anatidae (утиные);Anatidae (утиные)
OR902764/NA/NA/goose/2023;OR902764;China;21-Jun-2023;;Goose;Aves;38.0;53.0;47.0;2.0;Goose;Anser;Anatidae;Anatidae (утиные);Anatidae (утиные)
OR902763/NA/NA/goose/2023;OR902763;China;25-Jun-2023;;Goose;Aves;38.0;53.0;47.0;2.0;Goose;Anser;Anatidae;Anatidae (утиные);Anatidae (утиные)
OR902762/NA/NA/goose/2023;OR902762;China;10-Jul-2023;;Goose;Aves;38.0;53.0;47.0;2.0;Goose;Anser;Anatidae;Anatidae (утиные);Anatidae (утиные)
OR902761/NA/NA/goose/2023;OR902761;China;21-Oct-2023;;Goose;Aves;38.0;53.0;47.0;2.0;Goose;Anser;Anatidae;Anatidae (утиные);Anatidae (утиные)
OR902760/NA/NA/goose/2023;OR902760;China;20-Mar-2023;;Goose;Aves;2.0;29.0;25.0;26.0;Goose;Anser;Anatidae;Anatidae (утиные);Anatidae (утиные)
OR902759/NA/NA/goose/2023;OR902759;China;20-May-2023;;Goose;Aves;2.0;29.0;25.0;26.0;Goose;Anser;Anatidae;Anatidae (утиные);Anatidae (утиные)
OQ986679/NA/GEIG/NA/2021;OQ986679;New Zealand: Pukenui/Anchor Island;Feb-2021/Mar-2021;;Gerygone igata;Aves;44.0;18.0;16.0;17.0;Gerygone igata;Gerygone;Acanthizidae;Acanthizidae (шипоклювковые);Acanthizidae (шипоклювковые)
OQ986609/NA/RHFU/NA/2021;OQ986609;New Zealand: Pukenui/Anchor Island;Feb-2021/Mar-2021;;Rhipidura fuliginosa;Aves;47.0;21.0;19.0;20.0;Rhipidura fuliginosa;Rhipidura;Rhipiduridae;Rhipiduridae (веерохвостковые);Rhipiduridae (веерохвостковые)
OQ986608/NA/RHFU/NA/2021;OQ986608;New Zealand: Pukenui/Anchor Island;Feb-2021/Mar-2021;;Rhipidura fuliginosa;Aves;48.0;22.0;20.0;21.0;Rhipidura fuliginosa;Rhipidura;Rhipiduridae;Rhipiduridae (веерохвостковые);Rhipiduridae (веерохвостковые)
OQ986607/NA/GEIG/NA/2021;OQ986607;New Zealand: Pukenui/Anchor Island;Feb-2021/Mar-2021;;Gerygone igata;Aves;50.0;24.0;22.0;23.0;Gerygone igata;Gerygone;Acanthizidae;Acanthizidae (шипоклювковые);Acanthizidae (шипоклювковые)
OQ986606/NA/GEIG/NA/2021;OQ986606;New Zealand: Pukenui/Anchor Island;Feb-2021/Mar-2021;;Gerygone igata;Aves;51.0;26.0;24.0;25.0;Gerygone igata;Gerygone;Acanthizidae;Acanthizidae (шипоклювковые);Acanthizidae (шипоклювковые)
OP946449/NA/GAstV-SDHZ/laying-hens/2022;OP946449;China;2022;;Laying hens;Aves;38.0;53.0;47.0;2.0;Laying hens;Gallus;Phasianidae;Phasianidae (фазановые);Phasianidae (фазановые)
OR571426/NA/SDAU2022-3/chicken/2023;OR571426;China;2023;;Gallus gallus;Aves;1.0;30.0;50.0;5.0;Gallus gallus;Gallus;Phasianidae;Phasianidae (фазановые);Phasianidae (фазановые)
OR286522/NA/SDAU2022-1/chicken/2022;OR286522;China;2022;;Gallus gallus;Aves;1.0;30.0;50.0;5.0;Gallus gallus;Gallus;Phasianidae;Phasianidae (фазановые);Phasianidae (фазановые)
OR286521/NA/SDAU2022-2/chicken/2022;OR286521;China;2022;;Gallus gallus;Aves;1.0;30.0;50.0;5.0;Gallus gallus;Gallus;Phasianidae;Phasianidae (фазановые);Phasianidae (фазановые)
OR545548/NA/AAstV-Chicken-CHN-2022-SQ2201/chicken/2022;OR545548;China;2022;;Gallus gallus;Aves;1.0;28.0;46.0;1.0;Gallus gallus;Gallus;Phasianidae;Phasianidae (фазановые);Phasianidae (фазановые)
OR351273/NA/JS202103/Gallus-gallus/2021;OR351273;China;2021;;Gallus gallus;Aves;1.0;30.0;50.0;5.0;Gallus gallus;Gallus;Phasianidae;Phasianidae (фазановые);Phasianidae (фазановые)
OR211592/NA/GAstV-HBLY/goose/2023;OR211592;China;2023;;Goose;Aves;33.0;60.0;15.0;58.0;Goose;Anser;Anatidae;Anatidae (утиные);Anatidae (утиные)
MW826483/NA/YSN01/bird/2019;MW826483;China;Jul-2019;;Montifringilla taczanowskii;Aves;10.0;39.0;57.0;11.0;Montifringilla taczanowskii;Montifringilla;Passeridae;Passeridae (воробьиные);Passeridae (воробьиные)
MW826482/NA/YSN02/bird/2019;MW826482;China;Jul-2019;;Montifringilla taczanowskii;Aves;12.0;41.0;59.0;13.0;Montifringilla taczanowskii;Montifringilla;Passeridae;Passeridae (воробьиные);Passeridae (воробьиные)
OQ787033/NA/JL01-0801-19/goose/2019;OQ787033;China: Ji Lin Province;2019-08-01;;Goose;Aves;38.0;53.0;47.0;2.0;Goose;Anser;Anatidae;Anatidae (утиные);Anatidae (утиные)
ON400505/NA/GAstV-GD2104/goose/2021;ON400505;China;01-Dec-2021;;Goose;Aves;38.0;53.0;47.0;2.0;Goose;Anser;Anatidae;Anatidae (утиные);Anatidae (утиные)
OQ909424/NA/Sichuan/goose/2021;OQ909424;China;09-May-2021;;Goose;Aves;38.0;53.0;47.0;2.0;Goose;Anser;Anatidae;Anatidae (утиные);Anatidae (утиные)
ON382522/NA/GAstV-GD2105/goose/2022;ON382522;China;15-Jan-2022;;Goose;Aves;38.0;53.0;47.0;2.0;Goose;Anser;Anatidae;Anatidae (утиные);Anatidae (утиные)
ON382521/NA/GAstV-GD2103/goose/2021;ON382521;China;16-Nov-2021;;Goose;Aves;38.0;53.0;47.0;2.0;Goose;Anser;Anatidae;Anatidae (утиные);Anatidae (утиные)
ON382520/NA/GAstV-GD2102/goose/2021;ON382520;China;16-Nov-2021;;Goose;Aves;38.0;53.0;47.0;2.0;Goose;Anser;Anatidae;Anatidae (утиные);Anatidae (утиные)
ON382519/NA/GAstV-GD2101/goose/2021;ON382519;China;26-Oct-2021;;Goose;Aves;38.0;53.0;47.0;2.0;Goose;Anser;Anatidae;Anatidae (утиные);Anatidae (утиные)
OQ685946/NA/CAstV-ck-TZ-Iringa-2151-IM162-2019/Gallus-gallus/2019;OQ685946;Tanzania: Iringa (Miomboni);11-Apr-2019;;Gallus gallus;Aves;1.0;30.0;50.0;5.0;Gallus gallus;Gallus;Phasianidae;Phasianidae (фазановые);Phasianidae (фазановые)
OQ685945/NA/ANV-ck-TZ-Iringa-2151-IM162-2019/Gallus-gallus/2019;OQ685945;Tanzania: Iringa (Miomboni);11-Apr-2019;;Gallus gallus;Aves;32.0;48.0;52.0;47.0;Gallus gallus;Gallus;Phasianidae;Phasianidae (фазановые);Phasianidae (фазановые)
OP776630/NA/NA/goose/2021;OP776630;China;2021;;Goose;Aves;33.0;60.0;15.0;58.0;Goose;Anser;Anatidae;Anatidae (утиные);Anatidae (утиные)
OP776629/NA/NA/goose/2021;OP776629;China;2021;;Goose;Aves;38.0;53.0;47.0;2.0;Goose;Anser;Anatidae;Anatidae (утиные);Anatidae (утиные)
OP272633/NA/AH33-3/goose/2021;OP272633;China;2021;;Goose;Aves;33.0;60.0;15.0;58.0;Goose;Anser;Anatidae;Anatidae (утиные);Anatidae (утиные)
OP169001/NA/AAstV-Chicken-CHN-2021-HA2101/chicken/2021;OP169001;China;2021;;Gallus gallus;Aves;1.0;28.0;46.0;1.0;Gallus gallus;Gallus;Phasianidae;Phasianidae (фазановые);Phasianidae (фазановые)
OP179660/NA/NA/goose/2022;OP179660;China;25-Jun-2022;;Goose;Aves;38.0;53.0;47.0;2.0;Goose;Anser;Anatidae;Anatidae (утиные);Anatidae (утиные)
OP621341/NA/NA/goose/2019;OP621341;China: Shandong province;2019-10-09;;Goose;Aves;38.0;53.0;47.0;2.0;Goose;Anser;Anatidae;Anatidae (утиные);Anatidae (утиные)
OP621340/NA/NA/goose/2019;OP621340;China: Jiangxi province;2019-12-02;;Goose;Aves;38.0;53.0;47.0;2.0;Goose;Anser;Anatidae;Anatidae (утиные);Anatidae (утиные)
OP621339/NA/NA/goose/2019;OP621339;China: Jiangxi province;2019-12-02;;Goose;Aves;38.0;53.0;47.0;2.0;Goose;Anser;Anatidae;Anatidae (утиные);Anatidae (утиные)
OP621338/NA/NA/goose/2018;OP621338;China: Jiangxi province;2018-03-29;;Goose;Aves;38.0;53.0;47.0;2.0;Goose;Anser;Anatidae;Anatidae (утиные);Anatidae (утиные)
OP621337/NA/NA/goose/2018;OP621337;China: Jiangsu province;2018-02-06;;Goose;Aves;38.0;53.0;47.0;2.0;Goose;Anser;Anatidae;Anatidae (утиные);Anatidae (утиные)
OP621336/NA/NA/goose/2018;OP621336;China: Hebei province;2018-04-22;;Goose;Aves;38.0;53.0;47.0;2.0;Goose;Anser;Anatidae;Anatidae (утиные);Anatidae (утиные)
OP621335/NA/NA/goose/2021;OP621335;China: Anhui province;2021-05-08;;Goose;Aves;38.0;53.0;47.0;2.0;Goose;Anser;Anatidae;Anatidae (утиные);Anatidae (утиные)
OP621334/NA/NA/goose/2019;OP621334;China: Anhui province;2019-11-15;;Goose;Aves;38.0;53.0;47.0;2.0;Goose;Anser;Anatidae;Anatidae (утиные);Anatidae (утиные)
OP621333/NA/NA/goose-embryo/2019;OP621333;China: Jiangxi province;2019-12-16;;Goose;Aves;38.0;53.0;47.0;2.0;Goose;Anser;Anatidae;Anatidae (утиные);Anatidae (утиные)
OP621332/NA/NA/goose/2020;OP621332;China: Shandong province;2020-11-18;;Goose;Aves;38.0;53.0;47.0;2.0;Goose;Anser;Anatidae;Anatidae (утиные);Anatidae (утиные)
OP621331/NA/NA/goose/2019;OP621331;China: Shandong province;2019-05-03;;Goose;Aves;38.0;53.0;47.0;2.0;Goose;Anser;Anatidae;Anatidae (утиные);Anatidae (утиные)
OP621330/NA/NA/goose/2021;OP621330;China: Jiangxi province;2021-03-16;;Goose;Aves;38.0;53.0;47.0;2.0;Goose;Anser;Anatidae;Anatidae (утиные);Anatidae (утиные)
OP484924/NA/NA/goose/2018;OP484924;China: Hebei province;2018-04-11;;Goose;Aves;38.0;53.0;47.0;2.0;Goose;Anser;Anatidae;Anatidae (утиные);Anatidae (утиные)
OP484923/NA/NA/goose/2018;OP484923;China: Guangdong province;2018-03-09;;Goose;Aves;38.0;53.0;47.0;2.0;Goose;Anser;Anatidae;Anatidae (утиные);Anatidae (утиные)
ON954324/NA/NA/goose/2021;ON954324;China;2021;;Goose;Aves;38.0;53.0;47.0;2.0;Goose;Anser;Anatidae;Anatidae (утиные);Anatidae (утиные)
OM469236/NA/ANV-PB5-HI5-Switzerland-2019/Gallus-gallus-domesticus-(broiler)/2019;OM469236;Switzerland;2019;;Gallus gallus;Aves;32.0;48.0;52.0;47.0;Gallus gallus;Gallus;Phasianidae;Phasianidae (фазановые);Phasianidae (фазановые)
OM469235/NA/ANV-PB15-HI11-Switzerland-2019/Gallus-gallus-domesticus-(broiler)/2019;OM469235;Switzerland;2019;;Gallus gallus;Aves;32.0;48.0;52.0;47.0;Gallus gallus;Gallus;Phasianidae;Phasianidae (фазановые);Phasianidae (фазановые)
OM469234/NA/ANV-PB1-HI5-Switzerland-2019/Gallus-gallus-domesticus-(broiler)/2019;OM469234;Switzerland;2019;;Gallus gallus;Aves;32.0;48.0;52.0;47.0;Gallus gallus;Gallus;Phasianidae;Phasianidae (фазановые);Phasianidae (фазановые)
OM469233/NA/ANV-PB11-HI6-Switzerland-2019/Gallus-gallus-domesticus-(broiler)/2019;OM469233;Switzerland;2019;;Gallus gallus;Aves;32.0;48.0;52.0;47.0;Gallus gallus;Gallus;Phasianidae;Phasianidae (фазановые);Phasianidae (фазановые)
OM469232/NA/ANV-PB7-HI6-Switzerland-2019/Gallus-gallus-domesticus-(broiler)/2019;OM469232;Switzerland;2019;;Gallus gallus;Aves;32.0;48.0;52.0;47.0;Gallus gallus;Gallus;Phasianidae;Phasianidae (фазановые);Phasianidae (фазановые)
OM469231/NA/ANV-PB21-SI5-Switzerland-2019/Gallus-gallus-domesticus-(broiler)/2019;OM469231;Switzerland;2019;;Gallus gallus;Aves;32.0;48.0;52.0;47.0;Gallus gallus;Gallus;Phasianidae;Phasianidae (фазановые);Phasianidae (фазановые)
OM469230/NA/ANV-PB31-SI19-Switzerland-2019/Gallus-gallus-domesticus-(broiler)/2019;OM469230;Switzerland;2019;;Gallus gallus;Aves;32.0;48.0;52.0;47.0;Gallus gallus;Gallus;Phasianidae;Phasianidae (фазановые);Phasianidae (фазановые)
OM469229/NA/ANV-PB23-SI7-Switzerland-2019/Gallus-gallus-domesticus-(broiler)/2019;OM469229;Switzerland;2019;;Gallus gallus;Aves;32.0;48.0;52.0;47.0;Gallus gallus;Gallus;Phasianidae;Phasianidae (фазановые);Phasianidae (фазановые)
ON205965/NA/AAstv-CHN-Goose-2018/goose/2018;ON205965;China;May-2018;;Goose;Aves;38.0;53.0;47.0;2.0;Goose;Anser;Anatidae;Anatidae (утиные);Anatidae (утиные)
OM811458/NA/Astv-Goose-Heilongjiang-ZYL01-2018/goose/2018;OM811458;China;31-Dec-2018;;Goose;Aves;38.0;53.0;47.0;2.0;Goose;Anser;Anatidae;Anatidae (утиные);Anatidae (утиные)
ON156528/NA/NA/goose/2022;ON156528;China;10-Jan-2022;;Goose;Aves;38.0;53.0;47.0;2.0;Goose;Anser;Anatidae;Anatidae (утиные);Anatidae (утиные)
ON964512/NA/NA/Gallus-gallus/2020;ON964512;China:Hunan;Dec-2020;;Gallus gallus;Aves;32.0;48.0;52.0;47.0;Gallus gallus;Gallus;Phasianidae;Phasianidae (фазановые);Phasianidae (фазановые)
ON745304/NA/ZJCX/landaise/2021;ON745304;China;15-Jun-2021;;Landaise;Aves;38.0;53.0;47.0;2.0;Landaise;Anser;Anatidae;Anatidae (утиные);Anatidae (утиные)
OM937013/NA/NA/goose/2017;OM937013;China: Shandong;2017-05;;Goose;Aves;38.0;53.0;47.0;2.0;Goose;Anser;Anatidae;Anatidae (утиные);Anatidae (утиные)
OL762473/NA/JXGZ/goose/2020;OL762473;China;Mar-2020;;Goose;Aves;38.0;53.0;47.0;2.0;Goose;Anser;Anatidae;Anatidae (утиные);Anatidae (утиные)
OM066895/NA/AAstV-Goose-CHN-2021-ZY02/goose/2021;OM066895;China;Apr-2021;;Goose;Aves;38.0;53.0;47.0;2.0;Goose;Anser;Anatidae;Anatidae (утиные);Anatidae (утиные)
OM066894/NA/AAstV-Goose-CHN-2021-HR2110-1/goose/2021;OM066894;China;Oct-2021;;Goose;Aves;38.0;53.0;47.0;2.0;Goose;Anser;Anatidae;Anatidae (утиные);Anatidae (утиные)
OM066893/NA/AAstV-Goose-CHN-2021-HR2105-2/goose/2021;OM066893;China;May-2021;;Goose;Aves;38.0;53.0;47.0;2.0;Goose;Anser;Anatidae;Anatidae (утиные);Anatidae (утиные)
OM066892/NA/AAstV-Goose-CHN-2021-HR2105-1/goose/2021;OM066892;China;May-2021;;Goose;Aves;38.0;53.0;47.0;2.0;Goose;Anser;Anatidae;Anatidae (утиные);Anatidae (утиные)
OL853843/NA/HLJ/goose/2019;OL853843;China;2019;;Goose;Aves;38.0;53.0;47.0;2.0;Goose;Anser;Anatidae;Anatidae (утиные);Anatidae (утиные)
OM100603/NA/AstV-JS04-Goose-0919-20/goose/2020;OM100603;China;19-Sep-2020;;Goose;Aves;38.0;53.0;47.0;2.0;Goose;Anser;Anatidae;Anatidae (утиные);Anatidae (утиные)
OM100602/NA/AstV-JS03-Goose-0702-20/goose/2020;OM100602;China;02-Jul-2020;;Goose;Aves;38.0;53.0;47.0;2.0;Goose;Anser;Anatidae;Anatidae (утиные);Anatidae (утиные)
OM100601/NA/AstV-JS02-Goose-0518-20/goose/2020;OM100601;China;18-May-2020;;Goose;Aves;38.0;53.0;47.0;2.0;Goose;Anser;Anatidae;Anatidae (утиные);Anatidae (утиные)
OM100600/NA/AstV-JS01-Goose-0518-20/goose/2020;OM100600;China;18-May-2020;;Goose;Aves;38.0;53.0;47.0;2.0;Goose;Anser;Anatidae;Anatidae (утиные);Anatidae (утиные)
OM100599/NA/AstV-HN05-Goose-0514-20/goose/2020;OM100599;China;14-May-2020;;Goose;Aves;38.0;53.0;47.0;2.0;Goose;Anser;Anatidae;Anatidae (утиные);Anatidae (утиные)
OM100598/NA/AstV-HN04-Goose-0514-20/goose/2020;OM100598;China;14-May-2020;;Goose;Aves;38.0;53.0;47.0;2.0;Goose;Anser;Anatidae;Anatidae (утиные);Anatidae (утиные)
OM100597/NA/AstV-HB06-Goose-1226-19/goose/2019;OM100597;China;26-Dec-2019;;Goose;Aves;38.0;53.0;47.0;2.0;Goose;Anser;Anatidae;Anatidae (утиные);Anatidae (утиные)
OM100596/NA/AstV-HB05-Goose-0812-19/goose/2019;OM100596;China;12-Aug-2019;;Goose;Aves;38.0;53.0;47.0;2.0;Goose;Anser;Anatidae;Anatidae (утиные);Anatidae (утиные)
OM100595/NA/AstV-HB04-Goose-0811-19/goose/2019;OM100595;China;12-Aug-2019;;Goose;Aves;38.0;53.0;47.0;2.0;Goose;Anser;Anatidae;Anatidae (утиные);Anatidae (утиные)
OM100594/NA/AstV-HB03-Goose-0810-19/goose/2019;OM100594;China;11-Aug-2019;;Goose;Aves;38.0;53.0;47.0;2.0;Goose;Anser;Anatidae;Anatidae (утиные);Anatidae (утиные)
OM100593/NA/AstV-AN06-Goose-0714-19/goose/2019;OM100593;China;14-Jul-2019;;Goose;Aves;38.0;53.0;47.0;2.0;Goose;Anser;Anatidae;Anatidae (утиные);Anatidae (утиные)
OM100592/NA/AstV-AH05-Goose-0711-19/goose/2019;OM100592;China;11-Jul-2019;;Goose;Aves;38.0;53.0;47.0;2.0;Goose;Anser;Anatidae;Anatidae (утиные);Anatidae (утиные)
OM100591/NA/AstV-AH04-Goose-0614-19/goose/2019;OM100591;China;14-Jun-2019;;Goose;Aves;38.0;53.0;47.0;2.0;Goose;Anser;Anatidae;Anatidae (утиные);Anatidae (утиные)
OM100590/NA/AstV-AH03-Goose-0422-19/goose/2019;OM100590;China;22-Apr-2019;;Goose;Aves;38.0;53.0;47.0;2.0;Goose;Anser;Anatidae;Anatidae (утиные);Anatidae (утиные)
OM455389/NA/HeB-BD4-2019/goose/2019;OM455389;China: Hebei;16-Sep-2019;;Goose;Aves;38.0;53.0;47.0;2.0;Goose;Anser;Anatidae;Anatidae (утиные);Anatidae (утиные)
OM455388/NA/HeB-BD1-2021/goose/2021;OM455388;China: Hebei;24-Jan-2021;;Goose;Aves;38.0;53.0;47.0;2.0;Goose;Anser;Anatidae;Anatidae (утиные);Anatidae (утиные)
OM264914/NA/NA/goslings/2019;OM264914;China: Hebei;04-Jan-2019;;Gosling;Aves;33.0;60.0;15.0;58.0;;Anser;Anatidae;Anatidae (утиные);Anatidae (утиные)
OM264913/NA/NA/goslings/2019;OM264913;China: Hebei;06-Jul-2019;;Gosling;Aves;33.0;60.0;15.0;58.0;;Anser;Anatidae;Anatidae (утиные);Anatidae (утиные)
OM264912/NA/NA/goslings/2019;OM264912;China: Hebei;15-Jul-2019;;Gosling;Aves;33.0;60.0;15.0;58.0;;Anser;Anatidae;Anatidae (утиные);Anatidae (утиные)
OM264911/NA/NA/goslings/2019;OM264911;China: Hebei;19-Jul-2019;;Gosling;Aves;33.0;60.0;15.0;58.0;;Anser;Anatidae;Anatidae (утиные);Anatidae (утиные)
OM200916/NA/NA/goslings/2019;OM200916;China: Hebei;20-Jul-2019;;Gosling;Aves;33.0;60.0;15.0;58.0;;Anser;Anatidae;Anatidae (утиные);Anatidae (утиные)
OL982615/NA/JSZ29/goose/2020;OL982615;China;11-Oct-2020;;Goose;Aves;38.0;53.0;47.0;2.0;Goose;Anser;Anatidae;Anatidae (утиные);Anatidae (утиные)
OL982614/NA/JSCZ15/goose/2015;OL982614;China;11-Nov-2015;;Goose;Aves;38.0;53.0;47.0;2.0;Goose;Anser;Anatidae;Anatidae (утиные);Anatidae (утиные)
OL982613/NA/XSSH/goose/2020;OL982613;China;10-Jun-2020;;Goose;Aves;38.0;53.0;47.0;2.0;Goose;Anser;Anatidae;Anatidae (утиные);Anatidae (утиные)
OL963558/NA/JSW10/goose/2020;OL963558;China;24-Sep-2020;;Goose;Aves;38.0;53.0;47.0;2.0;Goose;Anser;Anatidae;Anatidae (утиные);Anatidae (утиные)
OL963557/NA/JSW1/goose/2020;OL963557;China;03-Sep-2020;;Goose;Aves;38.0;53.0;47.0;2.0;Goose;Anser;Anatidae;Anatidae (утиные);Anatidae (утиные)
OL963556/NA/JSSQ/goose/2020;OL963556;China;11-Jul-2020;;Goose;Aves;38.0;53.0;47.0;2.0;Goose;Anser;Anatidae;Anatidae (утиные);Anatidae (утиные)
OL963555/NA/JSCZ/goose/2020;OL963555;China;15-Jun-2020;;Goose;Aves;38.0;53.0;47.0;2.0;Goose;Anser;Anatidae;Anatidae (утиные);Anatidae (утиные)
OP020131/NA/NA/50-day-old-Landes-geese/2022;OP020131;China: Shandong province;2022-01-16;;Lande geese;Aves;38.0;53.0;47.0;2.0;Lande geese;Anser;Anatidae;Anatidae (утиные);Anatidae (утиные)
OL536330/NA/HeB-BD1-2020/goose/2020;OL536330;China: Hebei;21-Oct-2020;;Goose;Aves;38.0;53.0;47.0;2.0;Goose;Anser;Anatidae;Anatidae (утиные);Anatidae (утиные)
MW385412/NA/NA/Crow/2017;MW385412;China;28-Dec-2017;;Crow;Aves;42.0;57.0;12.0;55.0;Crow;Corvus;Corvidae;Corvidae (врановые);Corvidae (врановые)
MW786757/NA/SCCD/goose/2018;MW786757;China;Sep-2018;;Goose;Aves;33.0;60.0;15.0;58.0;Goose;Anser;Anatidae;Anatidae (утиные);Anatidae (утиные)
MW505493/NA/NA/goose/2019;MW505493;China: Liaoning Province, Anshan;21-Aug-2019;;Goose;Aves;38.0;53.0;47.0;2.0;Goose;Anser;Anatidae;Anatidae (утиные);Anatidae (утиные)
MW505492/NA/NA/goose/2019;MW505492;China: Jiangsu Province, Xuzhou;20-Jun-2019;;Goose;Aves;38.0;53.0;47.0;2.0;Goose;Anser;Anatidae;Anatidae (утиные);Anatidae (утиные)
MW505491/NA/NA/goose/2019;MW505491;China: Heilongjiang Province, Yichun;06-Jun-2019;;Goose;Aves;38.0;53.0;47.0;2.0;Goose;Anser;Anatidae;Anatidae (утиные);Anatidae (утиные)
MW505490/NA/NA/goose/2019;MW505490;China: Heilongjiang Province, Jixi;21-Jun-2019;;Goose;Aves;38.0;53.0;47.0;2.0;Goose;Anser;Anatidae;Anatidae (утиные);Anatidae (утиные)
MW505489/NA/NA/goose/2019;MW505489;China: Heilongjiang Province, Shuangyashan;21-Jun-2019;;Goose;Aves;38.0;53.0;47.0;2.0;Goose;Anser;Anatidae;Anatidae (утиные);Anatidae (утиные)
MW505488/NA/NA/goose/2019;MW505488;China: Heilongjiang Province, Jiamusi;16-Jul-2019;;Goose;Aves;38.0;53.0;47.0;2.0;Goose;Anser;Anatidae;Anatidae (утиные);Anatidae (утиные)
MW505487/NA/NA/goose/2019;MW505487;China: Heilongjiang Province, Harbin;11-Jun-2019;;Goose;Aves;38.0;53.0;47.0;2.0;Goose;Anser;Anatidae;Anatidae (утиные);Anatidae (утиные)
MW505486/NA/NA/goose/2019;MW505486;China: Shandong Province, Weifang;05-Jul-2019;;Goose;Aves;38.0;53.0;47.0;2.0;Goose;Anser;Anatidae;Anatidae (утиные);Anatidae (утиные)
MW505485/NA/NA/goose/2019;MW505485;China: Jilin Province, Shulan;05-Aug-2019;;Goose;Aves;38.0;53.0;47.0;2.0;Goose;Anser;Anatidae;Anatidae (утиные);Anatidae (утиные)
MZ648231/NA/AAstV-Goose-CHN-2021-ZM/goose/2021;MZ648231;China;2021;;Goose;Aves;38.0;53.0;47.0;2.0;Goose;Anser;Anatidae;Anatidae (утиные);Anatidae (утиные)
MZ819185/NA/ZJC14/goose/2020;MZ819185;China;Jun-2020;;Goose;Aves;33.0;60.0;15.0;58.0;Goose;Anser;Anatidae;Anatidae (утиные);Anatidae (утиные)
MZ819184/NA/ZJLD/goose/2020;MZ819184;China;Jun-2020;;Goose;Aves;38.0;53.0;47.0;2.0;Goose;Anser;Anatidae;Anatidae (утиные);Anatidae (утиные)
MZ819183/NA/JRMS/goose/2020;MZ819183;China;Jun-2020;;Goose;Aves;38.0;53.0;47.0;2.0;Goose;Anser;Anatidae;Anatidae (утиные);Anatidae (утиные)
MW536497/NA/YC20/goose/2020;MW536497;China;10-Aug-2020;;Goose;Aves;38.0;53.0;47.0;2.0;Goose;Anser;Anatidae;Anatidae (утиные);Anatidae (утиные)
OK148600/NA/NA/goose/2020;OK148600;China;02-Oct-2020;;Goose;Aves;38.0;53.0;47.0;2.0;Goose;Anser;Anatidae;Anatidae (утиные);Anatidae (утиные)
OM273310/NA/NA/goose/2021;OM273310;China: Shandong province;21-Aug-2021;;Goose;Aves;38.0;53.0;47.0;2.0;Goose;Anser;Anatidae;Anatidae (утиные);Anatidae (утиные)
OM273309/NA/NA/goose/2021;OM273309;China: Shandong province;16-Jul-2021;;Goose;Aves;38.0;53.0;47.0;2.0;Goose;Anser;Anatidae;Anatidae (утиные);Anatidae (утиные)
OM273308/NA/NA/goose/2021;OM273308;China: Shandong province;30-Jun-2021;;Goose;Aves;38.0;53.0;47.0;2.0;Goose;Anser;Anatidae;Anatidae (утиные);Anatidae (утиные)
OM273307/NA/NA/goose/2021;OM273307;China: Shandong province;07-May-2021;;Goose;Aves;38.0;53.0;47.0;2.0;Goose;Anser;Anatidae;Anatidae (утиные);Anatidae (утиные)
OM273306/NA/NA/goose/2021;OM273306;China: Shandong province;26-Apr-2021;;Goose;Aves;38.0;53.0;47.0;2.0;Goose;Anser;Anatidae;Anatidae (утиные);Anatidae (утиные)
OM273305/NA/NA/goose/2021;OM273305;China: Shandong province;15-Apr-2021;;Goose;Aves;38.0;53.0;47.0;2.0;Goose;Anser;Anatidae;Anatidae (утиные);Anatidae (утиные)
OM273304/NA/NA/goose/2021;OM273304;China: Shandong province;10-Apr-2021;;Goose;Aves;38.0;53.0;47.0;2.0;Goose;Anser;Anatidae;Anatidae (утиные);Anatidae (утиные)
OM273303/NA/NA/goose/2021;OM273303;China: Shandong province;28-Mar-2021;;Goose;Aves;38.0;53.0;47.0;2.0;Goose;Anser;Anatidae;Anatidae (утиные);Anatidae (утиные)
OM273302/NA/NA/goose/2021;OM273302;China: Shandong province;12-Mar-2021;;Goose;Aves;38.0;53.0;47.0;2.0;Goose;Anser;Anatidae;Anatidae (утиные);Anatidae (утиные)
MW217578/NA/DAstV-SDZZ/duck/2020;MW217578;China;2020;;Duck;Aves;3.0;31.0;48.0;3.0;Duck;Anas;Anatidae;Anatidae (утиные);Anatidae (утиные)
OL762472/NA/JXYC/goose/NA;OL762472;China;;;Goose;Aves;33.0;60.0;15.0;58.0;Goose;Anser;Anatidae;Anatidae (утиные);Anatidae (утиные)
OL762471/NA/JXGZ/goose/NA;OL762471;China;;;Goose;Aves;33.0;60.0;15.0;58.0;Goose;Anser;Anatidae;Anatidae (утиные);Anatidae (утиные)
MZ540211/NA/NA/goose/2019;MZ540211;China;2019;;Goose;Aves;38.0;53.0;47.0;2.0;Goose;Anser;Anatidae;Anatidae (утиные);Anatidae (утиные)
OL652659/NA/DAstV-SDWF/duck/2021;OL652659;China;2021;;Duck;Aves;3.0;31.0;48.0;3.0;Duck;Anas;Anatidae;Anatidae (утиные);Anatidae (утиные)
MZ150559/NA/ANV-Chicken-CHN-2020-AH202017/chicken/2020;MZ150559;China;2020;;Gallus gallus;Aves;32.0;48.0;52.0;47.0;Gallus gallus;Gallus;Phasianidae;Phasianidae (фазановые);Phasianidae (фазановые)
OK571391/NA/ZJC14/goslings/2020;OK571391;China;10-Jun-2020;;Gosling;Aves;33.0;60.0;15.0;58.0;Gosling;Anser;Anatidae;Anatidae (утиные);Anatidae (утиные)
OK571390/NA/JRMS/goose/2020;OK571390;China;03-Dec-2020;;Goose;Aves;38.0;53.0;47.0;2.0;Goose;Anser;Anatidae;Anatidae (утиные);Anatidae (утиные)
OK571389/NA/ZJLD/goose/2020;OK571389;China;10-Jun-2020;;Goose;Aves;38.0;53.0;47.0;2.0;Goose;Anser;Anatidae;Anatidae (утиные);Anatidae (утиные)
MW353015/NA/TZ03/goose/2019;MW353015;China;07-Aug-2019;;Goose;Aves;33.0;60.0;15.0;58.0;Goose;Anser;Anatidae;Anatidae (утиные);Anatidae (утиные)
KT946725/NA/D10-5628-HK/spotted-dove/NA;KT946725;Hong Kong;;;Spotted dove;Aves;32.0;27.0;39.0;46.0;Spotted dove;Streptopelia;Columbidae;Columbidae (голубиные);Columbidae (голубиные)
KT946724/NA/D11-440-HK/feral-pigeon/NA;KT946724;Hong Kong;;;Feral pigeon;Aves;32.0;27.0;6.0;46.0;Feral pigeon;Columba;Columbidae;Columbidae (голубиные);Columbidae (голубиные)
KT946723/NA/D11-336-2-HK/spotted-dove/NA;KT946723;Hong Kong;;;Spotted dove;Aves;32.0;27.0;39.0;46.0;Spotted dove;Streptopelia;Columbidae;Columbidae (голубиные);Columbidae (голубиные)
KT946722/NA/D11-116-HK/spotted-dove/NA;KT946722;Hong Kong;;;Spotted dove;Aves;32.0;27.0;39.0;46.0;Spotted dove;Streptopelia;Columbidae;Columbidae (голубиные);Columbidae (голубиные)
KT946720/NA/D11-515-HK/house-crow/NA;KT946720;Hong Kong;;;House crow;Aves;30.0;45.0;42.0;42.0;House crow;Corvus;Corvidae;Corvidae (врановые);Corvidae (врановые)
KT946719/NA/D11-467-HK/house-crow/NA;KT946719;Hong Kong;;;House crow;Aves;30.0;45.0;42.0;42.0;House crow;Corvus;Corvidae;Corvidae (врановые);Corvidae (врановые)
KT946718/NA/D11-139-HK/house-crow/NA;KT946718;Hong Kong;;;House crow;Aves;30.0;45.0;42.0;42.0;House crow;Corvus;Corvidae;Corvidae (врановые);Corvidae (врановые)
MZ576222/NA/JX01-China-2021/goose/2021;MZ576222;China;2021-05-20;;Goose;Aves;38.0;53.0;47.0;2.0;Goose;Anser;Anatidae;Anatidae (утиные);Anatidae (утиные)
MZ375139/NA/3PE-RDRP-2/Phrynocephalus-erythrurus/2020;MZ375139;China;2020;;Phrynocephalus erythrurus;Lepidosauria;45.0;19.0;17.0;18.0;Phrynocephalus erythrurus;Phrynocephalus;Agamidae;Agamidae (агамовые);Reptilia (Пресмыкающиеся)
MZ367612/NA/HNNY0620/Muscovy-duck/2020;MZ367612;China;20-Jun-2020;;Muscovy duck;Aves;38.0;53.0;47.0;2.0;Muscovy duck;Cairina;Anatidae;Anatidae (утиные);Anatidae (утиные)
MW826371/NA/XZN01/bird/2018;MW826371;China;Apr-2018;;bird;Aves;49.0;23.0;21.0;22.0;bird;bird;;;
MK746105/NA/AAstV-Chicken-CHN-2017-NJ1701/chicken/2017;MK746105;China;2017;;Gallus gallus;Aves;1.0;28.0;46.0;1.0;Gallus gallus;Gallus;Phasianidae;Phasianidae (фазановые);Phasianidae (фазановые)
MW846319/NA/CAstV-Chicken-CHN-2020-GD202013/chicken/2020;MW846319;China;2020;;Gallus gallus;Aves;1.0;30.0;50.0;5.0;Gallus gallus;Gallus;Phasianidae;Phasianidae (фазановые);Phasianidae (фазановые)
MW684833/NA/Chicken-NLD-2019-V-M-053-astro-2/Gallus-gallus-domesticus-(broiler)/2019;MW684833;Netherlands;2019;;Gallus gallus;Aves;32.0;48.0;52.0;47.0;Gallus gallus;Gallus;Phasianidae;Phasianidae (фазановые);Phasianidae (фазановые)
MW684831/NA/Chicken-NLD-2019-V-M-047-astro-4/Gallus-gallus-domesticus-(broiler)/2019;MW684831;Netherlands;2019;;Gallus gallus;Aves;1.0;30.0;50.0;5.0;Gallus gallus;Gallus;Phasianidae;Phasianidae (фазановые);Phasianidae (фазановые)
MW684830/NA/Chicken-NLD-2019-V-M-046-astro-12/Gallus-gallus-domesticus-(broiler)/2019;MW684830;Netherlands;2019;;Gallus gallus;Aves;1.0;30.0;50.0;5.0;Gallus gallus;Gallus;Phasianidae;Phasianidae (фазановые);Phasianidae (фазановые)
MW684829/NA/Chicken-NLD-2019-V-M-041-astro-13/Gallus-gallus-domesticus-(broiler)/2019;MW684829;Netherlands;2019;;Gallus gallus;Aves;32.0;48.0;52.0;47.0;Gallus gallus;Gallus;Phasianidae;Phasianidae (фазановые);Phasianidae (фазановые)
MW684826/NA/Chicken-NLD-2019-V-M-039-astro-2/Gallus-gallus-domesticus-(broiler)/2019;MW684826;Netherlands;2019;;Gallus gallus;Aves;32.0;48.0;52.0;47.0;Gallus gallus;Gallus;Phasianidae;Phasianidae (фазановые);Phasianidae (фазановые)
MW684825/NA/Chicken-NLD-2019-V-M-038-astro-6/Gallus-gallus-domesticus-(broiler)/2019;MW684825;Netherlands;2019;;Gallus gallus;Aves;32.0;48.0;52.0;47.0;Gallus gallus;Gallus;Phasianidae;Phasianidae (фазановые);Phasianidae (фазановые)
MW684824/NA/Chicken-NLD-2019-V-M-038-astro-5/Gallus-gallus-domesticus-(broiler)/2019;MW684824;Netherlands;2019;;Gallus gallus;Aves;32.0;48.0;52.0;47.0;Gallus gallus;Gallus;Phasianidae;Phasianidae (фазановые);Phasianidae (фазановые)
MW684823/NA/Chicken-NLD-2019-V-M-038-astro-4/Gallus-gallus-domesticus-(broiler)/2019;MW684823;Netherlands;2019;;Gallus gallus;Aves;1.0;30.0;50.0;5.0;Gallus gallus;Gallus;Phasianidae;Phasianidae (фазановые);Phasianidae (фазановые)
MW684822/NA/Chicken-NLD-2019-V-M-036-astro-4/Gallus-gallus-domesticus-(broiler)/2019;MW684822;Netherlands;2019;;Gallus gallus;Aves;32.0;48.0;52.0;47.0;Gallus gallus;Gallus;Phasianidae;Phasianidae (фазановые);Phasianidae (фазановые)
MW684821/NA/Chicken-NLD-2019-V-M-034-astro-2/Gallus-gallus-domesticus-(broiler)/2019;MW684821;Netherlands;2019;;Gallus gallus;Aves;32.0;48.0;52.0;47.0;Gallus gallus;Gallus;Phasianidae;Phasianidae (фазановые);Phasianidae (фазановые)
MW684820/NA/Chicken-NLD-2019-V-M-033-astro-3/Gallus-gallus-domesticus-(broiler)/2019;MW684820;Netherlands;2019;;Gallus gallus;Aves;32.0;48.0;52.0;47.0;Gallus gallus;Gallus;Phasianidae;Phasianidae (фазановые);Phasianidae (фазановые)
MW684819/NA/Chicken-NLD-2019-V-M-030-astro-12/Gallus-gallus-domesticus-(broiler)/2019;MW684819;Netherlands;2019;;Gallus gallus;Aves;32.0;48.0;52.0;47.0;Gallus gallus;Gallus;Phasianidae;Phasianidae (фазановые);Phasianidae (фазановые)
MW684818/NA/Chicken-NLD-2019-V-M-015-astro-2/Gallus-gallus-domesticus-(broiler)/2019;MW684818;Netherlands;2019;;Gallus gallus;Aves;32.0;48.0;52.0;47.0;Gallus gallus;Gallus;Phasianidae;Phasianidae (фазановые);Phasianidae (фазановые)
MW684817/NA/Environment-NLD-2019-VE-7-astro-14/Gallus-gallus-domesticus-(broiler)/2019;MW684817;Netherlands;2019;;Gallus gallus;Aves;1.0;30.0;50.0;5.0;Gallus gallus;Gallus;Phasianidae;Phasianidae (фазановые);Phasianidae (фазановые)
MT708902/NA/AAstV-Goose-CHN-2019-DY-19/Anser-anser/2019;MT708902;China;Sep-2019;;Anser anser;Aves;38.0;53.0;47.0;2.0;Anser anser;Anser;Anatidae;Anatidae (утиные);Anatidae (утиные)
MT993596/NA/MW10-1o/Arenaria-interpres-(ruddy-turnstone)/2015;MT993596;Australia;2015;;Arenaria interpres (ruddy turnstone);Aves;23.0;11.0;37.0;36.0;Arenaria interpres (ruddy turnstone);Arenaria;Scolopacidae;Scolopacidae (бекасовые);Scolopacidae (бекасовые)
MT993595/NA/MW09-1o/Arenaria-interpres-(ruddy-turnstone)/2015;MT993595;Australia;2015;;Arenaria interpres (ruddy turnstone);Aves;25.0;13.0;40.0;38.0;Arenaria interpres (ruddy turnstone);Arenaria;Scolopacidae;Scolopacidae (бекасовые);Scolopacidae (бекасовые)
MT993583/NA/MW06-2o/Arenaria-interpres-(ruddy-turnstone)/2014;MT993583;Australia;2014;;Arenaria interpres (ruddy turnstone);Aves;27.0;15.0;43.0;39.0;Arenaria interpres (ruddy turnstone);Arenaria;Scolopacidae;Scolopacidae (бекасовые);Scolopacidae (бекасовые)
MN149395/NA/D390/Jinding-ducks/2013;MN149395;China;13-Oct-2013;;Jinding ducks;Aves;3.0;31.0;48.0;3.0;Jinding ducks;Anas;Anatidae;Anatidae (утиные);Anatidae (утиные)
MN149394/NA/D200/Jinding-ducks/2013;MN149394;China;13-Oct-2013;;Jinding ducks;Aves;3.0;31.0;48.0;3.0;Jinding ducks;Anas;Anatidae;Anatidae (утиные);Anatidae (утиные)
MN149393/NA/D120/Jinding-ducks/2013;MN149393;China;13-Oct-2013;;Jinding ducks;Aves;3.0;31.0;48.0;3.0;Jinding ducks;Anas;Anatidae;Anatidae (утиные);Anatidae (утиные)
MW592379/NA/HNXX-6-China-2020/goose/2020;MW592379;China;2020;;Goose;Aves;38.0;53.0;47.0;2.0;Goose;Anser;Anatidae;Anatidae (утиные);Anatidae (утиные)
MW592378/NA/HNSQ-6-China-2020/goose/2020;MW592378;China;2020;;Goose;Aves;38.0;53.0;47.0;2.0;Goose;Anser;Anatidae;Anatidae (утиные);Anatidae (утиные)
MW592377/NA/HNKF-1-China-2020/goose/2020;MW592377;China;2020;;Goose;Aves;38.0;53.0;47.0;2.0;Goose;Anser;Anatidae;Anatidae (утиные);Anatidae (утиные)
MW345727/NA/SDPD/goose/2019;MW345727;China;Jan-2019;;Goose;Aves;38.0;53.0;47.0;2.0;Goose;Anser;Anatidae;Anatidae (утиные);Anatidae (утиные)
MW340534/NA/SCCD/goose/2019;MW340534;China;Jan-2019;;Goose;Aves;33.0;60.0;15.0;58.0;Goose;Anser;Anatidae;Anatidae (утиные);Anatidae (утиные)
MW413813/NA/XT1/goose/2020;MW413813;China: HeBei;05-May-2020;;Goose;Aves;38.0;53.0;47.0;2.0;Goose;Anser;Anatidae;Anatidae (утиные);Anatidae (утиные)
MT934439/NA/NA/goose/2019;MT934439;China;May-2019;;Goose;Aves;38.0;53.0;47.0;2.0;Goose;Anser;Anatidae;Anatidae (утиные);Anatidae (утиные)
MT934438/NA/NA/goose/2019;MT934438;China;May-2019;;Goose;Aves;38.0;53.0;47.0;2.0;Goose;Anser;Anatidae;Anatidae (утиные);Anatidae (утиные)
MT934437/NA/NA/goose/2019;MT934437;China;May-2019;;Goose;Aves;38.0;53.0;47.0;2.0;Goose;Anser;Anatidae;Anatidae (утиные);Anatidae (утиные)
MT585644/NA/VF16-03-164b/Gallus-gallus-broiler-chicken/2016;MT585644;United Kingdom: Northern Ireland;2016;;Gallus gallus;Aves;32.0;48.0;52.0;47.0;Gallus gallus;Gallus;Phasianidae;Phasianidae (фазановые);Phasianidae (фазановые)
MT585643/NA/VF14-92-A2/Gallus-gallus-broiler-chicken/NA;MT585643;United Kingdom;;;Gallus gallus;Aves;32.0;48.0;52.0;47.0;Gallus gallus;Gallus;Phasianidae;Phasianidae (фазановые);Phasianidae (фазановые)
MN109957/NA/NA/goose/2018;MN109957;China: Guangdong;11-Oct-2018;;Goose;Aves;38.0;53.0;47.0;2.0;Goose;Anser;Anatidae;Anatidae (утиные);Anatidae (утиные)
MN109956/NA/NA/goose/2018;MN109956;China: Guangdong;25-Aug-2018;;Goose;Aves;38.0;53.0;47.0;2.0;Goose;Anser;Anatidae;Anatidae (утиные);Anatidae (утиные)
MN109955/NA/NA/goose/2018;MN109955;China: Guangdong;09-Mar-2018;;Goose;Aves;38.0;53.0;47.0;2.0;Goose;Anser;Anatidae;Anatidae (утиные);Anatidae (утиные)
MN109954/NA/NA/goose/2018;MN109954;China: Guangdong;01-Jul-2018;;Goose;Aves;38.0;53.0;47.0;2.0;Goose;Anser;Anatidae;Anatidae (утиные);Anatidae (утиные)
MN127959/NA/NA/goose/2018;MN127959;China: Guangdong;18-Dec-2018;;Goose;Aves;38.0;53.0;47.0;2.0;Goose;Anser;Anatidae;Anatidae (утиные);Anatidae (утиные)
MN127958/NA/NA/goose/2018;MN127958;China: Guangdong;30-Nov-2018;;Goose;Aves;38.0;53.0;47.0;2.0;Goose;Anser;Anatidae;Anatidae (утиные);Anatidae (утиные)
MN127957/NA/NA/goose/2018;MN127957;China: Guangdong;29-Nov-2018;;Goose;Aves;38.0;53.0;47.0;2.0;Goose;Anser;Anatidae;Anatidae (утиные);Anatidae (утиные)
MN127956/NA/NA/goose/2018;MN127956;China: Guangdong;25-Nov-2018;;Goose;Aves;38.0;53.0;47.0;2.0;Goose;Anser;Anatidae;Anatidae (утиные);Anatidae (утиные)
MN127955/NA/NA/goose/2019;MN127955;China: Guangdong;16-Jan-2019;;Goose;Aves;38.0;53.0;47.0;2.0;Goose;Anser;Anatidae;Anatidae (утиные);Anatidae (утиные)
MN127954/NA/NA/goose/2019;MN127954;China: Guangdong;16-Jan-2019;;Goose;Aves;38.0;53.0;47.0;2.0;Goose;Anser;Anatidae;Anatidae (утиные);Anatidae (утиные)
MN127953/NA/NA/goose/2019;MN127953;China: Guangdong;03-Jan-2019;;Goose;Aves;38.0;53.0;47.0;2.0;Goose;Anser;Anatidae;Anatidae (утиные);Anatidae (утиные)
MN127952/NA/NA/goose/2018;MN127952;China: Guangdong;19-Dec-2018;;Goose;Aves;38.0;53.0;47.0;2.0;Goose;Anser;Anatidae;Anatidae (утиные);Anatidae (утиные)
MN127951/NA/NA/goose/2018;MN127951;China: Guangdong;20-Nov-2018;;Goose;Aves;38.0;53.0;47.0;2.0;Goose;Anser;Anatidae;Anatidae (утиные);Anatidae (утиные)
MN103532/NA/NA/goose/2018;MN103532;China;2018-07-01;;Goose;Aves;38.0;53.0;47.0;2.0;Goose;Anser;Anatidae;Anatidae (утиные);Anatidae (утиные)
MT491732/NA/IBS543-2017/Gallus-gallus/2017;MT491732;Malaysia;2017;;Gallus gallus;Aves;1.0;30.0;50.0;5.0;Gallus gallus;Gallus;Phasianidae;Phasianidae (фазановые);Phasianidae (фазановые)
MT491731/NA/UPM1019-2018/Gallus-gallus/2018;MT491731;Malaysia;Jan-2018;;Gallus gallus;Aves;1.0;30.0;50.0;5.0;Gallus gallus;Gallus;Phasianidae;Phasianidae (фазановые);Phasianidae (фазановые)
MT491730/NA/IBS503-2017/Gallus-gallus/2017;MT491730;Malaysia;2017;;Gallus gallus;Aves;1.0;30.0;50.0;5.0;Gallus gallus;Gallus;Phasianidae;Phasianidae (фазановые);Phasianidae (фазановые)
MT789787/NA/CAstV-CA-SK-Chicken-19-0981-19/chicken/2019;MT789787;;24-Apr-2019;;Gallus gallus;Aves;1.0;30.0;50.0;5.0;Gallus gallus;Gallus;Phasianidae;Phasianidae (фазановые);Phasianidae (фазановые)
MT789786/NA/CAstV-CA-SK-Chicken-19-0935-19/chicken/2019;MT789786;;16-Apr-2019;;Gallus gallus;Aves;1.0;30.0;50.0;5.0;Gallus gallus;Gallus;Phasianidae;Phasianidae (фазановые);Phasianidae (фазановые)
MT789785/NA/CAstV-CA-SK-Chicken-18-0942-18/chicken/2018;MT789785;;19-Jun-2018;;Gallus gallus;Aves;1.0;30.0;50.0;5.0;Gallus gallus;Gallus;Phasianidae;Phasianidae (фазановые);Phasianidae (фазановые)
MT789784/NA/CAstV-CA-AB-Chicken-17-0823-17/chicken/2017;MT789784;;09-Aug-2017;;Gallus gallus;Aves;1.0;30.0;50.0;5.0;Gallus gallus;Gallus;Phasianidae;Phasianidae (фазановые);Phasianidae (фазановые)
MT789783/NA/CAstV-CA-AB-Chicken-17-0773b-17/chicken/2017;MT789783;;25-Jul-2017;;Gallus gallus;Aves;1.0;30.0;50.0;5.0;Gallus gallus;Gallus;Phasianidae;Phasianidae (фазановые);Phasianidae (фазановые)
MT789782/NA/CAstV-CA-AB-Chicken-17-0773a-17/chicken/2017;MT789782;;25-Jul-2017;;Gallus gallus;Aves;1.0;30.0;50.0;5.0;Gallus gallus;Gallus;Phasianidae;Phasianidae (фазановые);Phasianidae (фазановые)
MT789781/NA/CAstV-CA-AB-Chicken-15-1262d-15/chicken/2015;MT789781;;19-Nov-2015;;Gallus gallus;Aves;1.0;30.0;50.0;5.0;Gallus gallus;Gallus;Phasianidae;Phasianidae (фазановые);Phasianidae (фазановые)
MT789780/NA/CAstV-CA-AB-Chicken-15-1262c-15/chicken/2015;MT789780;;19-Nov-2015;;Gallus gallus;Aves;1.0;30.0;50.0;5.0;Gallus gallus;Gallus;Phasianidae;Phasianidae (фазановые);Phasianidae (фазановые)
MT789779/NA/CAstV-CA-AB-Chicken-15-1262b-15/chicken/2015;MT789779;;19-Nov-2015;;Gallus gallus;Aves;1.0;30.0;50.0;5.0;Gallus gallus;Gallus;Phasianidae;Phasianidae (фазановые);Phasianidae (фазановые)
MT789778/NA/CAstV-CA-AB-Chicken-15-1262a-15/chicken/2015;MT789778;;19-Nov-2015;;Gallus gallus;Aves;1.0;30.0;50.0;5.0;Gallus gallus;Gallus;Phasianidae;Phasianidae (фазановые);Phasianidae (фазановые)
MT789777/NA/CAstV-CA-AB-Chicken-14-1235d-14/chicken/2014;MT789777;;09-Dec-2014;;Gallus gallus;Aves;1.0;30.0;50.0;5.0;Gallus gallus;Gallus;Phasianidae;Phasianidae (фазановые);Phasianidae (фазановые)
MT789776/NA/CAstV-CA-AB-Chicken-14-1235c-14/chicken/2014;MT789776;;08-Dec-2014;;Gallus gallus;Aves;1.0;30.0;50.0;5.0;Gallus gallus;Gallus;Phasianidae;Phasianidae (фазановые);Phasianidae (фазановые)
MT789775/NA/CAstV-CA-AB-Chicken-14-1235b-14/chicken/2014;MT789775;;08-Dec-2014;;Gallus gallus;Aves;1.0;30.0;50.0;5.0;Gallus gallus;Gallus;Phasianidae;Phasianidae (фазановые);Phasianidae (фазановые)
MT789774/NA/CAstV-CA-AB-Chicken-14-1235a-14/chicken/2014;MT789774;;08-Dec-2014;;Gallus gallus;Aves;1.0;30.0;50.0;5.0;Gallus gallus;Gallus;Phasianidae;Phasianidae (фазановые);Phasianidae (фазановые)
MN307120/NA/AstV-HN03-Goose-0402-19/goose/2019;MN307120;China;02-Apr-2019;;Goose;Aves;38.0;53.0;47.0;2.0;Goose;Anser;Anatidae;Anatidae (утиные);Anatidae (утиные)
MN307119/NA/AstV-HB02-Goose-0310-19/goose/2019;MN307119;China;10-Mar-2019;;Goose;Aves;38.0;53.0;47.0;2.0;Goose;Anser;Anatidae;Anatidae (утиные);Anatidae (утиные)
MN307118/NA/AstV-HB01-Goose-0123-19/goose/2019;MN307118;China;03-Jan-2019;;Goose;Aves;38.0;53.0;47.0;2.0;Goose;Anser;Anatidae;Anatidae (утиные);Anatidae (утиные)
MN307117/NA/AstV-HN02-Goose-1119-18/goose/2018;MN307117;China;19-Nov-2018;;Goose;Aves;38.0;53.0;47.0;2.0;Goose;Anser;Anatidae;Anatidae (утиные);Anatidae (утиные)
MN307116/NA/AstV-AH02-Goose-0715-18/goose/2018;MN307116;China;15-Jul-2018;;Goose;Aves;38.0;53.0;47.0;2.0;Goose;Anser;Anatidae;Anatidae (утиные);Anatidae (утиные)
MN307115/NA/AstV-AH01-Goose-0512-18/goose/2018;MN307115;China;12-May-2018;;Goose;Aves;38.0;53.0;47.0;2.0;Goose;Anser;Anatidae;Anatidae (утиные);Anatidae (утиные)
MN307114/NA/AstV-HN01-Goose-0103-18/goose/2018;MN307114;China;03-Jan-2018;;Goose;Aves;38.0;53.0;47.0;2.0;Goose;Anser;Anatidae;Anatidae (утиные);Anatidae (утиные)
MN894548/NA/NA/goose/2019;MN894548;China: Hubei province;16-Jun-2019;;Goose;Aves;38.0;53.0;47.0;2.0;Goose;Anser;Anatidae;Anatidae (утиные);Anatidae (утиные)
MN807051/NA/AAstV-Chicken-CHN-2018-CZ1801/Gallus-gallus/2018;MN807051;China;2018;;Gallus gallus;Aves;1.0;28.0;46.0;1.0;Gallus gallus;Gallus;Phasianidae;Phasianidae (фазановые);Phasianidae (фазановые)
MN809622/NA/AstV-SDTA/duck/NA;MN809622;China;;;Duck;Aves;38.0;53.0;47.0;2.0;Duck;Anas;Anatidae;Anatidae (утиные);Anatidae (утиные)
MT138011/NA/prf038ast1/NA/2018;MT138011;;2018;;nan;;13.0;42.0;60.0;14.0;;;;;
MT138010/NA/prf037ast2/NA/2018;MT138010;;2018;;nan;;13.0;42.0;60.0;14.0;;;;;
MT138007/NA/ltr178ast1/NA/2018;MT138007;;2018;;nan;;13.0;43.0;61.0;15.0;;;;;
MT138005/NA/hwf041ast1/NA/2018;MT138005;;2018;;nan;;13.0;1.0;26.0;27.0;;;;;
MT138002/NA/cra070ast1/NA/2018;MT138002;;2018;;nan;;16.0;3.0;28.0;29.0;;;;;
MT137999/NA/coa196ast1/NA/2018;MT137999;;2018;;Periparus ater;;39.0;54.0;9.0;52.0;Periparus ater;Periparus;Paridae;Paridae (синицевые);Paridae (синицевые)
MT137996/NA/cfe153ast01/NA/2018;MT137996;;2018;;nan;;21.0;9.0;35.0;34.0;;;;;
MT138009/NA/prf037ast1nc/NA/2018;MT138009;;2018;;nan;;22.0;10.0;36.0;35.0;;;;;
MT137994/NA/bsk136ast01/NA/2018;MT137994;;2018;;nan;;24.0;12.0;38.0;37.0;;;;;
MT137992/NA/bfb201ast01/NA/2018;MT137992;;2018;;nan;;26.0;14.0;2.0;44.0;;;;;
MT137991/NA/bbr144ast1/NA/2018;MT137991;;2018;;Prunella montanella;;28.0;16.0;44.0;40.0;Prunella montanella;Prunella;Prunellidae;Prunellidae (завирушковые);Prunellidae (завирушковые)
MN920672/NA/ytb090ast01/NA/2018;MN920672;China;2018;;nan;;26.0;14.0;2.0;44.0;;;;;
MN920671/NA/ytb089ast01/NA/2018;MN920671;China;2018;;nan;;26.0;14.0;2.0;44.0;;;;;
MN920670/NA/ybw202ast01/NA/2018;MN920670;China;2018;;nan;;34.0;47.0;3.0;45.0;;;;;
MN920669/NA/ybb150ast01/NA/2018;MN920669;China;2018;;nan;;26.0;49.0;4.0;48.0;;;;;
MN920668/NA/war204ast1/NA/2018;MN920668;China;2018;;nan;;36.0;51.0;7.0;50.0;;;;;
MN920667/NA/tom152ast2/NA/2018;MN920667;China;2018;;Petroica macrocephala;;39.0;54.0;9.0;52.0;Petroica macrocephala;Petroica;Petroicidae;Petroicidae (австралийские малиновки);Petroicidae (австралийские малиновки)
MN920663/NA/spa143ast1/NA/2018;MN920663;China;2018;;nan;;36.0;58.0;13.0;56.0;;;;;
MN149392/NA/D17/Jinding-ducks/2013;MN149392;China;13-Oct-2013;;Jinding ducks;Aves;3.0;31.0;48.0;3.0;Jinding ducks;Anas;Anatidae;Anatidae (утиные);Anatidae (утиные)
MN428645/NA/AHAU5/goose/2018;MN428645;China: Anhui;2018;;Goose;Aves;38.0;53.0;47.0;2.0;Goose;Anser;Anatidae;Anatidae (утиные);Anatidae (утиные)
MN428644/NA/AHAU4/goose/2018;MN428644;China: Anhui;2018;;Goose;Aves;38.0;53.0;47.0;2.0;Goose;Anser;Anatidae;Anatidae (утиные);Anatidae (утиные)
MN428643/NA/AHAU3/goose/2018;MN428643;China: Anhui;2018;;Goose;Aves;38.0;53.0;47.0;2.0;Goose;Anser;Anatidae;Anatidae (утиные);Anatidae (утиные)
MN428642/NA/GD-AHAU2/goose/2018;MN428642;China: Anhui;2018;;Goose;Aves;38.0;53.0;47.0;2.0;Goose;Anser;Anatidae;Anatidae (утиные);Anatidae (утиные)
MN428641/NA/AHAU1/goose/2018;MN428641;China: Anhui;2018;;Goose;Aves;38.0;53.0;47.0;2.0;Goose;Anser;Anatidae;Anatidae (утиные);Anatidae (утиные)
MN175321/NA/NA/goose/2018;MN175321;China: Heilongjiang province;09-Jul-2018;;Goose;Aves;38.0;53.0;47.0;2.0;Goose;Anser;Anatidae;Anatidae (утиные);Anatidae (утиные)
MN732559/NA/NA/Gallus-gallus-(broiler)/2017;MN732559;China;2017;;Gallus gallus;Aves;32.0;48.0;52.0;47.0;Gallus gallus;Gallus;Phasianidae;Phasianidae (фазановые);Phasianidae (фазановые)
MN732558/NA/NA/Gallus-gallus-(broiler)/2018;MN732558;China;2018;;Gallus gallus;Aves;32.0;48.0;52.0;47.0;Gallus gallus;Gallus;Phasianidae;Phasianidae (фазановые);Phasianidae (фазановые)
MN725026/NA/NA/chicken/2018;MN725026;China;2018;;Gallus gallus;Aves;1.0;28.0;46.0;1.0;Gallus gallus;Gallus;Phasianidae;Phasianidae (фазановые);Phasianidae (фазановые)
MN725025/NA/NA/chicken/2018;MN725025;China;2018;;Gallus gallus;Aves;1.0;28.0;46.0;1.0;Gallus gallus;Gallus;Phasianidae;Phasianidae (фазановые);Phasianidae (фазановые)
MN068024/NA/GTF-07/goose/2018;MN068024;China;Apr-2018;;Goose;Aves;38.0;53.0;47.0;2.0;Goose;Anser;Anatidae;Anatidae (утиные);Anatidae (утиные)
MN068023/NA/GTF-04/goose/2018;MN068023;China;Apr-2018;;Goose;Aves;38.0;53.0;47.0;2.0;Goose;Anser;Anatidae;Anatidae (утиные);Anatidae (утиные)
MN337323/NA/XX/goose/2018;MN337323;China;10-Jul-2018;;Goose;Aves;38.0;53.0;47.0;2.0;Goose;Anser;Anatidae;Anatidae (утиные);Anatidae (утиные)
MN399857/NA/SDXT/duck/2019;MN399857;China;15-Mar-2019;;Duck;Aves;38.0;53.0;47.0;2.0;Duck;Anas;Anatidae;Anatidae (утиные);Anatidae (утиные)
KT886453/NA/CAstV-Poland-G059-2014/Gallus-gallus/2014;KT886453;Poland;Feb-2014;;Gallus gallus;Aves;1.0;30.0;50.0;5.0;Gallus gallus;Gallus;Phasianidae;Phasianidae (фазановые);Phasianidae (фазановые)
MK125058/NA/JSHA/gosling/2016;MK125058;China;2016;;Gosling;Aves;38.0;53.0;47.0;2.0;Gosling;Anser;Anatidae;Anatidae (утиные);Anatidae (утиные)
MK096775/NA/PasAstV-3/Passeriformes/2016;MK096775;French Guiana;Oct-2016;;Passeriformes;Aves;15.0;2.0;27.0;28.0;Passeriformes;Passer;Passeridae;Passeridae (воробьиные);Passeridae (воробьиные)
MK096774/NA/PasAstV-2/Passeriformes/2016;MK096774;French Guiana;Oct-2016;;Passeriformes;Aves;17.0;4.0;29.0;30.0;Passeriformes;Passer;Passeridae;Passeridae (воробьиные);Passeridae (воробьиные)
MK096773/NA/PasAstV-1/Passeriformes/NA;MK096773;French Guiana;;;Passeriformes;Aves;35.0;50.0;5.0;49.0;Passeriformes;Passer;Passeridae;Passeridae (воробьиные);Passeridae (воробьиные)
MG661261/NA/NA/NA/2015;MG661261;China;2015;;Rhesus monkey;;43.0;59.0;31.0;57.0;;Macaca;Cercopithecidae;Cercopithecidae (мартышковые);Mammalia (Млекопитающие)
MH712856/NA/NA/duck/2012;MH712856;China;06-Feb-2012;;Duck;Aves;3.0;31.0;48.0;3.0;Duck;Anas;Anatidae;Anatidae (утиные);Anatidae (утиные)
MH807626/NA/NA/goose/2018;MH807626;China;08-Jan-2018;;Goose;Aves;38.0;53.0;47.0;2.0;Goose;Anser;Anatidae;Anatidae (утиные);Anatidae (утиные)
KY807085/NA/HN1G/Lingxian-White-Goose/2014;KY807085;China;20-May-2014;;Lingxian White Goose;Aves;38.0;53.0;47.0;2.0;Lingxian White Goose;Anser;Anatidae;Anatidae (утиные);Anatidae (утиные)
MH453801/NA/AstV-Red-necked-Avocet-MW09-Interior/Red-necked-Avocet/2013;MH453801;Australia: Innaminka Regional Reserve;2013;;Red-necked Avocet;Aves;27.0;15.0;41.0;39.0;Red-necked Avocet;Recurvirostra;Recurvirostridae;Recurvirostridae (шилоклювковые);Recurvirostridae (шилоклювковые)
MH453800/NA/AstV-Red-necked-Avocet-MW08-Interior/Red-necked-Avocet/2013;MH453800;Australia: Western Port Bay;2013;;Red-necked Avocet;Aves;29.0;17.0;45.0;41.0;Red-necked Avocet;Recurvirostra;Recurvirostridae;Recurvirostridae (шилоклювковые);Recurvirostridae (шилоклювковые)
MG599918/NA/NA/Hemidactylus-bowringii/NA;MG599918;China;;;Hemidactylus bowringii;Lepidosauria;37.0;52.0;8.0;51.0;Hemidactylus bowringii;Hemidactylus;Gekkonidae;Gekkonidae (гекконовые);Reptilia (Пресмыкающиеся)
MG599917/NA/NA/Gekko-similignum/NA;MG599917;China;;;Gekko similignum;Lepidosauria;40.0;55.0;10.0;53.0;Gekko similignum;Gekko;Gekkonidae;Gekkonidae (гекконовые);Reptilia (Пресмыкающиеся)
MG599910/NA/NA/Duttaphrynus-melanostictus/NA;MG599910;China;;;Duttaphrynus melanostictus;Amphibia;43.0;59.0;14.0;57.0;Duttaphrynus melanostictus;Duttaphrynus;Bufonidae;Bufonidae (жабовые);Amphibia (Амфибии)
MH410610/NA/NA/goslings/2017;MH410610;China: Anhui province;Aug-2017;;Gosling;Aves;33.0;60.0;15.0;58.0;Gosling;Anser;Anatidae;Anatidae (утиные);Anatidae (утиные)
NC_034567/NA/FLX/Hortobagy-goose/2014;NC_034567;China;04-Jun-2014;;Hortobagy goose;Aves;33.0;60.0;15.0;58.0;Hortobagy goose;Anser;Anatidae;Anatidae (утиные);Anatidae (утиные)
NC_012437/NA/NA/duck/2008;NC_012437;China;09-Jul-2008;;duck;Aves;3.0;31.0;48.0;3.0;Duck;Anas;Anatidae;Anatidae (утиные);Anatidae (утиные)
NC_005790/NA/NA/NA/NA;NC_005790;;;;turkey;Aves;19.0;6.0;32.0;32.0;turkey;Meleagris;Phasianidae;Phasianidae (фазановые);Phasianidae (фазановые)
NC_002470/NA/NA/turkey/NA;NC_002470;;;;turkey;Aves;7.0;36.0;54.0;8.0;turkey;Meleagris;Phasianidae;Phasianidae (фазановые);Phasianidae (фазановые)
MG934571/NA/GD/goose/2017;MG934571;China: Guangdong;01-Nov-2017;;Goose;Aves;38.0;53.0;47.0;2.0;Goose;Anser;Anatidae;Anatidae (утиные);Anatidae (утиные)
MF768270/NA/NA/pigeon/2014;MF768270;China;2014-03-01;;Pigeon;Aves;32.0;27.0;39.0;46.0;Pigeon;Columba;Columbidae;Columbidae (голубиные);Columbidae (голубиные)
MH052598/NA/NA/goose/2017;MH052598;China;16-Nov-2017;;Goose;Aves;38.0;53.0;47.0;2.0;Goose;Anser;Anatidae;Anatidae (утиные);Anatidae (утиные)
MF772821/NA/NA/Lande-geese/2017;MF772821;China: Shandong province;2017-04;;Lande geese;Aves;38.0;53.0;47.0;2.0;Lande geese;Anser;Anatidae;Anatidae (утиные);Anatidae (утиные)
KY646154/NA/HB2015/Beijing-duck/2015;KY646154;China;2015;;Beijing duck;Aves;3.0;31.0;48.0;3.0;Beijing duck;Duck;Anatidae;Anatidae (утиные);Anatidae (утиные)
KX397576/NA/CkP5/chicken/NA;KX397576;USA;;;Gallus gallus;Aves;1.0;30.0;50.0;5.0;Gallus gallus;Gallus;Phasianidae;Phasianidae (фазановые);Phasianidae (фазановые)
KX397575/NA/CC-CkAstV/chicken/NA;KX397575;USA;;;Gallus gallus;Aves;1.0;30.0;50.0;5.0;Gallus gallus;Gallus;Phasianidae;Phasianidae (фазановые);Phasianidae (фазановые)
KY271027/NA/FLX/Hortobagy-goose/2014;KY271027;China;04-Jun-2014;;Hortobagy goose;Aves;33.0;60.0;15.0;58.0;Hortobagy goose;Anser;Anatidae;Anatidae (утиные);Anatidae (утиные)
KY038163/NA/CAstV-INDIA-ANAND-2016/chicken/2016;KY038163;India;24-Feb-2016;;Gallus gallus;Aves;1.0;30.0;50.0;5.0;Gallus gallus;Gallus;Phasianidae;Phasianidae (фазановые);Phasianidae (фазановые)
FJ919228/NA/NA/duck/NA;FJ919228;China;;;Duck;Aves;3.0;31.0;48.0;3.0;Duck;Anas;Anatidae;Anatidae (утиные);Anatidae (утиные)
FJ919227/NA/NA/duck/NA;FJ919227;China;;;Duck;Aves;3.0;31.0;48.0;3.0;Duck;Anas;Anatidae;Anatidae (утиные);Anatidae (утиные)
FJ919226/NA/NA/duck/NA;FJ919226;China;;;Duck;Aves;3.0;31.0;48.0;3.0;Duck;Anas;Anatidae;Anatidae (утиные);Anatidae (утиные)
FJ919225/NA/NA/duck/NA;FJ919225;China;;;Duck;Aves;3.0;31.0;48.0;3.0;Duck;Anas;Anatidae;Anatidae (утиные);Anatidae (утиные)
JF414802/NA/GA2011/chicken/2007;JF414802;USA;Aug-2007;;Gallus gallus;Aves;1.0;30.0;50.0;5.0;Gallus gallus;Gallus;Phasianidae;Phasianidae (фазановые);Phasianidae (фазановые)
JX624774/NA/NA/Pekin-duck/NA;JX624774;China;;;Beijing duck;Aves;2.0;29.0;25.0;26.0;Beijing duck;Duck;Anatidae;Anatidae (утиные);Anatidae (утиные)
KJ020899/NA/NA/duck/2013;KJ020899;China;22-Jun-2013;;Duck;Aves;8.0;37.0;56.0;10.0;Duck;Anas;Anatidae;Anatidae (утиные);Anatidae (утиные)
KF753807/NA/NA/NA/2012;KF753807;China;15-Sep-2012;;Duck;;19.0;25.0;23.0;24.0;Duck;Anas;Anatidae;Anatidae (утиные);Anatidae (утиные)
KF753806/NA/NA/NA/2012;KF753806;China;15-Sep-2012;;Duck;;19.0;25.0;23.0;24.0;Duck;Anas;Anatidae;Anatidae (утиные);Anatidae (утиные)
KF753805/NA/NA/NA/2012;KF753805;China;15-Sep-2012;;Duck;;19.0;25.0;23.0;24.0;Duck;Anas;Anatidae;Anatidae (утиные);Anatidae (утиные)
KF753804/NA/NA/NA/2012;KF753804;China;15-Sep-2012;;Duck;;19.0;25.0;23.0;24.0;Duck;Anas;Anatidae;Anatidae (утиные);Anatidae (утиные)
JX439643/NA/NA/duck/2012;JX439643;China;01-Jan-2012;;Duck;Aves;3.0;31.0;48.0;3.0;Duck;Anas;Anatidae;Anatidae (утиные);Anatidae (утиные)
Y15936/NA/NA/turkey/NA;Y15936;;;;turkey;Aves;7.0;36.0;54.0;8.0;turkey;Meleagris;Phasianidae;Phasianidae (фазановые);Phasianidae (фазановые)
FJ434664/NA/NA/duck/2008;FJ434664;China;09-Jul-2008;;Duck;Aves;3.0;31.0;48.0;3.0;Duck;Anas;Anatidae;Anatidae (утиные);Anatidae (утиные)
EU143851/NA/NA/NA/NA;EU143851;;;;turkey;;19.0;6.0;32.0;32.0;turkey;Meleagris;Phasianidae;Phasianidae (фазановые);Phasianidae (фазановые)
EU143850/NA/NA/NA/NA;EU143850;;;;turkey;;19.0;6.0;32.0;32.0;turkey;Meleagris;Phasianidae;Phasianidae (фазановые);Phasianidae (фазановые)
EU143849/NA/NA/NA/NA;EU143849;;;;turkey;;19.0;6.0;32.0;32.0;turkey;Meleagris;Phasianidae;Phasianidae (фазановые);Phasianidae (фазановые)
EU143848/NA/NA/NA/NA;EU143848;;;;turkey;;19.0;6.0;32.0;32.0;turkey;Meleagris;Phasianidae;Phasianidae (фазановые);Phasianidae (фазановые)
EU143847/NA/NA/NA/NA;EU143847;;;;turkey;;19.0;6.0;32.0;32.0;turkey;Meleagris;Phasianidae;Phasianidae (фазановые);Phasianidae (фазановые)
EU143846/NA/NA/NA/NA;EU143846;;;;turkey;;19.0;6.0;32.0;32.0;turkey;Meleagris;Phasianidae;Phasianidae (фазановые);Phasianidae (фазановые)
EU143845/NA/NA/NA/NA;EU143845;;;;turkey;;19.0;6.0;32.0;32.0;turkey;Meleagris;Phasianidae;Phasianidae (фазановые);Phasianidae (фазановые)
EU143844/NA/NA/NA/NA;EU143844;;;;turkey;;19.0;6.0;32.0;32.0;turkey;Meleagris;Phasianidae;Phasianidae (фазановые);Phasianidae (фазановые)
EU143843/NA/NA/NA/NA;EU143843;;;;turkey;;19.0;6.0;32.0;32.0;turkey;Meleagris;Phasianidae;Phasianidae (фазановые);Phasianidae (фазановые)
AF206663/NA/NA/NA/NA;AF206663;;;;turkey;;19.0;6.0;32.0;32.0;turkey;Meleagris;Phasianidae;Phasianidae (фазановые);Phasianidae (фазановые)
JF832365/NA/4175/Gallus-gallus/2006;JF832365;USA: GA;Nov-2006;;Gallus gallus;Aves;5.0;33.0;50.0;5.0;Gallus gallus;Gallus;Phasianidae;Phasianidae (фазановые);Phasianidae (фазановые)
HQ889774/NA/NA/pigeon/2010;HQ889774;China: Shanghai;Sep-2010;;Pigeon;Aves;32.0;48.0;52.0;47.0;Pigeon;Columba;Columbidae;Columbidae (голубиные);Columbidae (голубиные)
HM029238/NA/NA/chicken/2009;HM029238;China: Sichuan;2009;;Gallus gallus;Aves;32.0;48.0;52.0;47.0;Gallus gallus;Gallus;Phasianidae;Phasianidae (фазановые);Phasianidae (фазановые)
AB033998/NA/NA/NA/NA;AB033998;;;;Gallus gallus;;32.0;48.0;52.0;47.0;Gallus gallus;Gallus;Phasianidae;Phasianidae (фазановые);Phasianidae (фазановые)